train_week,predict_week,ideally_sched,missed,wrongly_sched,total_num,%_wrongly_sched,%_ideally_sched,%_missed_oppor.,t_wrong_sched_%,r2s,mse,mae,model_score,y_pred
week1,week2,5037,4111,408,14087,2.8962873571377865,35.75637112231135,81.61604129442128,30.584707646176913,-0.10578036357094578,333.63244515845463,112.85458069296834,0.30552403400651584,"[942.33396876 195.85962296 700.40236272 ...   0.           0.
   0.        ]"
week2,week3,3789,28,3645,7604,47.935297211993685,49.82903734876381,0.7389812615465823,49.21685120172833,0.029863936825088144,867.566438877109,301.74801665099415,0.18529501641500223,"[485.92868448 108.94760144 183.05866284 ... 603.03988975 451.15840774
 432.92943012]"
week3,week4,4715,1346,1682,9751,17.249512870474824,48.3540149728233,28.547189819724284,33.30033656701643,-0.2983666683791275,317.9534803912522,175.28983696793736,0.14915855733582328,"[161.97321135 240.40826683 158.85130259 ... 136.2039733    0.
   0.        ]"
week4,week5,3070,524,5222,11447,45.61893946012056,26.81925395300079,17.06840390879479,67.22451081359424,-13.870914350121105,650.1488651632233,418.14737418121956,0.26121031504351067,"[ 345.04379505   84.42401804  345.92910277 ... 1417.23281819 1634.94818421
 1436.71076634]"
